id,lineup_id,player_id,opponent_player_name,position_id,shirt_number,is_starter,minute_on,minute_off,created_at,updated_at
7fc00461-8242-42eb-9a59-1ad83e0c4724,67b7fb60-0bd8-465b-b8d6-8a514a20d69c,a179a068-cfe3-4ebd-a102-ad653168780a,,694b3541-5f4e-4c85-b32e-0675e04f53bf,1,true,0,,2026-08-01 09:00:00,2026-08-01 09:00:00
ef6b310f-01ca-45d0-9649-fa1e228a9f77,67b7fb60-0bd8-465b-b8d6-8a514a20d69c,5fe19c6d-4236-4c38-a7b7-a833e38de591,,0d511505-09cf-4345-800a-b7317ecb2637,2,true,0,,2026-08-01 09:00:00,2026-08-01 09:00:00
4e3b31b9-d431-4cbc-b0c8-36d6f136c784,67b7fb60-0bd8-465b-b8d6-8a514a20d69c,3be2cdd7-e605-44ad-90fb-54e7be3f68ed,,b8481c24-e408-45e5-b70b-d98f71d31855,4,true,0,,2026-08-01 09:00:00,2026-08-01 09:00:00
56b357d3-9723-4ed7-8f94-a7894af9dbd1,67b7fb60-0bd8-465b-b8d6-8a514a20d69c,3b0fa669-564c-494d-9de2-7521ca120b3f,,b8481c24-e408-45e5-b70b-d98f71d31855,5,true,0,,2026-08-01 09:00:00,2026-08-01 09:00:00
58f27c73-20bb-470f-8d6e-6c04a0c00159,67b7fb60-0bd8-465b-b8d6-8a514a20d69c,84ed79c7-5d5f-48b7-899d-9ed095d70650,,fd30db13-4b76-4e9a-9676-fa754c6b18a5,3,true,0,,2026-08-01 09:00:00,2026-08-01 09:00:00
b8482d3c-3a3e-4144-b5e9-69eeeba51147,67b7fb60-0bd8-465b-b8d6-8a514a20d69c,4a7b5de7-846c-4400-8d07-bc53ce6bd4f5,,8fbcc0d1-6a51-4398-acbd-a1551c045bef,6,true,0,,2026-08-01 09:00:00,2026-08-01 09:00:00
7d7bc89e-93ff-442a-a57a-3797efb5303b,67b7fb60-0bd8-465b-b8d6-8a514a20d69c,229b6376-4e07-492a-9993-beb8de593f2d,,32a37cb1-6753-4eda-a83d-b52e8ae20c2a,8,true,0,,2026-08-01 09:00:00,2026-08-01 09:00:00
42be57aa-e7d2-4226-8459-1af717c36395,67b7fb60-0bd8-465b-b8d6-8a514a20d69c,066d4e6a-4614-4dad-be64-7a74d0130503,,d4702ce6-e126-4d6f-9d14-ee76c7424fd8,10,true,0,,2026-08-01 09:00:00,2026-08-01 09:00:00
9ef11b6e-c1df-4879-8a33-f30c0d046b94,67b7fb60-0bd8-465b-b8d6-8a514a20d69c,c7ffbd71-45b4-43c6-84cf-111cc9232141,,cca98eda-673c-4b14-87b7-d712b244a986,7,true,0,,2026-08-01 09:00:00,2026-08-01 09:00:00
a8f6c580-44e3-40c3-bd5a-4b7c4ddffdff,67b7fb60-0bd8-465b-b8d6-8a514a20d69c,ffaecb07-b0f3-470f-bced-bc5e035534a3,,1defd3b2-d199-4300-953b-2b720e7342e0,11,true,0,75,2026-08-01 09:00:00,2026-08-01 09:00:00
3a0f81b5-30f5-464f-8dac-20e360fbf638,67b7fb60-0bd8-465b-b8d6-8a514a20d69c,e8878fbc-cab2-44bb-9613-a9598efa436e,,4c6e9f27-a585-4eda-a735-5b884ca3e8c9,9,true,0,,2026-08-01 09:00:00,2026-08-01 09:00:00
9b64ce7d-1042-47e6-a666-12bb7a6012f8,238901c9-fd20-41e2-a008-3174c64d1e44,,Opponent #1,694b3541-5f4e-4c85-b32e-0675e04f53bf,1,true,0,,2026-08-01 09:00:00,2026-08-01 09:00:00
7c49d0f7-e40e-4154-b9fa-2186d786b545,238901c9-fd20-41e2-a008-3174c64d1e44,,Opponent #2,0d511505-09cf-4345-800a-b7317ecb2637,2,true,0,,2026-08-01 09:00:00,2026-08-01 09:00:00
7e9d9423-8451-4593-88fb-1e4475c3c522,238901c9-fd20-41e2-a008-3174c64d1e44,,Opponent #4,b8481c24-e408-45e5-b70b-d98f71d31855,4,true,0,,2026-08-01 09:00:00,2026-08-01 09:00:00
92916e89-10bd-4e02-a891-cb2656ab7a15,238901c9-fd20-41e2-a008-3174c64d1e44,,Opponent #5,b8481c24-e408-45e5-b70b-d98f71d31855,5,true,0,,2026-08-01 09:00:00,2026-08-01 09:00:00
95393315-2c5e-483a-a70e-58af500eb301,238901c9-fd20-41e2-a008-3174c64d1e44,,Opponent #3,fd30db13-4b76-4e9a-9676-fa754c6b18a5,3,true,0,,2026-08-01 09:00:00,2026-08-01 09:00:00
9063268e-08e9-4b73-99cb-8ca788752300,238901c9-fd20-41e2-a008-3174c64d1e44,,Opponent #6,8fbcc0d1-6a51-4398-acbd-a1551c045bef,6,true,0,,2026-08-01 09:00:00,2026-08-01 09:00:00
5fa83740-46e9-49f7-b038-05ecca74edda,238901c9-fd20-41e2-a008-3174c64d1e44,,Opponent #8,32a37cb1-6753-4eda-a83d-b52e8ae20c2a,8,true,0,,2026-08-01 09:00:00,2026-08-01 09:00:00
cca67304-8349-4b30-adc5-fae2cd5c8b7b,238901c9-fd20-41e2-a008-3174c64d1e44,,Opponent #10,d4702ce6-e126-4d6f-9d14-ee76c7424fd8,10,true,0,,2026-08-01 09:00:00,2026-08-01 09:00:00
ce29d46e-aa30-4c47-b919-714e21325fa1,238901c9-fd20-41e2-a008-3174c64d1e44,,Opponent #7,cca98eda-673c-4b14-87b7-d712b244a986,7,true,0,,2026-08-01 09:00:00,2026-08-01 09:00:00
7fdd0418-3e83-407a-a05d-76e2952cce46,238901c9-fd20-41e2-a008-3174c64d1e44,,Opponent #11,1defd3b2-d199-4300-953b-2b720e7342e0,11,true,0,,2026-08-01 09:00:00,2026-08-01 09:00:00
804c45e4-3929-45f1-b358-c134368c5e08,238901c9-fd20-41e2-a008-3174c64d1e44,,Opponent #9,4c6e9f27-a585-4eda-a735-5b884ca3e8c9,9,true,0,,2026-08-01 09:00:00,2026-08-01 09:00:00
