id,match_id,player_id,own_team_id,minutes_played,started,goals,assists,shots,shots_on_target,passes_attempted,passes_completed,tackles,interceptions,clearances,touches,yellow_cards,red_cards,xg,xa,extended_stats,created_at,updated_at
9c0518c6-55c1-46e2-9acb-0b362ba4dd08,59351c08-d6b4-44b0-9ba2-4455964069d9,a179a068-cfe3-4ebd-a102-ad653168780a,dc3e632f-f76e-4d7e-bb52-c3f2db34c898,90,true,0,0,0,0,39,35,2,0,4,45,0,0,0.03,0.19,"{""progressive_passes"": 8}",2026-08-01 09:00:00,2026-08-01 09:00:00
2331faf8-cae5-4e48-8cda-2475cdef60be,59351c08-d6b4-44b0-9ba2-4455964069d9,5fe19c6d-4236-4c38-a7b7-a833e38de591,dc3e632f-f76e-4d7e-bb52-c3f2db34c898,90,true,0,0,0,0,61,45,3,3,1,36,0,0,0.01,0.17,"{""progressive_passes"": 6}",2026-08-01 09:00:00,2026-08-01 09:00:00
4adbfe43-7f42-445d-8869-7a5fe2b362df,59351c08-d6b4-44b0-9ba2-4455964069d9,3be2cdd7-e605-44ad-90fb-54e7be3f68ed,dc3e632f-f76e-4d7e-bb52-c3f2db34c898,90,true,0,0,1,0,54,45,5,0,0,55,0,0,0.07,0.32,"{""progressive_passes"": 1}",2026-08-01 09:00:00,2026-08-01 09:00:00
ee9a14f6-f38e-4cf2-a1fe-ba22901c3d44,59351c08-d6b4-44b0-9ba2-4455964069d9,3b0fa669-564c-494d-9de2-7521ca120b3f,dc3e632f-f76e-4d7e-bb52-c3f2db34c898,90,true,0,0,0,0,37,30,1,3,1,47,0,0,0.05,0.35,"{""progressive_passes"": 1}",2026-08-01 09:00:00,2026-08-01 09:00:00
7a25e304-faaf-4e62-a596-008191656f56,59351c08-d6b4-44b0-9ba2-4455964069d9,84ed79c7-5d5f-48b7-899d-9ed095d70650,dc3e632f-f76e-4d7e-bb52-c3f2db34c898,90,true,0,0,1,0,60,42,4,0,0,89,0,0,0.08,0.09,"{""progressive_passes"": 6}",2026-08-01 09:00:00,2026-08-01 09:00:00
0b144a8d-bb5a-4a48-8844-c7cfa3829f7d,59351c08-d6b4-44b0-9ba2-4455964069d9,4a7b5de7-846c-4400-8d07-bc53ce6bd4f5,dc3e632f-f76e-4d7e-bb52-c3f2db34c898,90,true,0,0,1,0,55,48,0,1,3,30,0,0,0.1,0.11,"{""progressive_passes"": 7}",2026-08-01 09:00:00,2026-08-01 09:00:00
11c95307-b59b-4ec5-bddd-cf618ccc4ab2,59351c08-d6b4-44b0-9ba2-4455964069d9,229b6376-4e07-492a-9993-beb8de593f2d,dc3e632f-f76e-4d7e-bb52-c3f2db34c898,90,true,0,0,1,1,52,38,2,1,0,67,0,0,0.07,0.02,"{""progressive_passes"": 5}",2026-08-01 09:00:00,2026-08-01 09:00:00
8c9c297b-075e-4021-8609-68bc68bbae61,59351c08-d6b4-44b0-9ba2-4455964069d9,066d4e6a-4614-4dad-be64-7a74d0130503,dc3e632f-f76e-4d7e-bb52-c3f2db34c898,90,true,1,0,1,1,28,22,4,1,0,62,0,0,0.11,0.07,"{""progressive_passes"": 1}",2026-08-01 09:00:00,2026-08-01 09:00:00
06229dad-ec14-4c88-89a8-41860ee36081,59351c08-d6b4-44b0-9ba2-4455964069d9,c7ffbd71-45b4-43c6-84cf-111cc9232141,dc3e632f-f76e-4d7e-bb52-c3f2db34c898,90,true,1,1,2,1,50,45,4,1,4,68,0,0,0.08,0.03,"{""progressive_passes"": 8}",2026-08-01 09:00:00,2026-08-01 09:00:00
5e75c627-a511-4344-8bb5-98300d3a187f,59351c08-d6b4-44b0-9ba2-4455964069d9,ffaecb07-b0f3-470f-bced-bc5e035534a3,dc3e632f-f76e-4d7e-bb52-c3f2db34c898,75,true,0,0,2,0,41,34,2,1,2,55,0,0,0.15,0.26,"{""progressive_passes"": 7}",2026-08-01 09:00:00,2026-08-01 09:00:00
b3a25407-3961-4f53-9e47-fc9b5651002e,59351c08-d6b4-44b0-9ba2-4455964069d9,e8878fbc-cab2-44bb-9613-a9598efa436e,dc3e632f-f76e-4d7e-bb52-c3f2db34c898,90,true,0,0,2,0,29,23,4,0,0,64,0,0,0.21,0.11,"{""progressive_passes"": 5}",2026-08-01 09:00:00,2026-08-01 09:00:00
c2b5e724-0dc0-41c2-bdc5-682100ff169e,57e25c6a-8210-4475-99b4-30c502509e5e,a179a068-cfe3-4ebd-a102-ad653168780a,dc3e632f-f76e-4d7e-bb52-c3f2db34c898,90,true,0,0,1,1,38,30,2,0,0,70,0,0,0.04,0.11,"{""progressive_passes"": 0}",2026-08-01 09:00:00,2026-08-01 09:00:00
bac9fffd-d5a7-4ca9-9d84-909f3263fdcc,57e25c6a-8210-4475-99b4-30c502509e5e,5fe19c6d-4236-4c38-a7b7-a833e38de591,dc3e632f-f76e-4d7e-bb52-c3f2db34c898,90,true,0,0,1,1,33,24,3,4,5,57,0,0,0.06,0.04,"{""progressive_passes"": 2}",2026-08-01 09:00:00,2026-08-01 09:00:00
ba5da62b-44ec-46bb-b88b-cf855dd00a99,57e25c6a-8210-4475-99b4-30c502509e5e,3be2cdd7-e605-44ad-90fb-54e7be3f68ed,dc3e632f-f76e-4d7e-bb52-c3f2db34c898,90,true,0,0,0,0,48,38,0,2,2,87,0,0,0.09,0.39,"{""progressive_passes"": 0}",2026-08-01 09:00:00,2026-08-01 09:00:00
beb6bd70-5315-4ba3-8a1c-455049f089b2,57e25c6a-8210-4475-99b4-30c502509e5e,3b0fa669-564c-494d-9de2-7521ca120b3f,dc3e632f-f76e-4d7e-bb52-c3f2db34c898,90,true,0,0,1,0,38,32,2,4,6,56,0,0,0.1,0.3,"{""progressive_passes"": 3}",2026-08-01 09:00:00,2026-08-01 09:00:00
07514757-1853-445e-bb77-250cb8e9bc8a,57e25c6a-8210-4475-99b4-30c502509e5e,84ed79c7-5d5f-48b7-899d-9ed095d70650,dc3e632f-f76e-4d7e-bb52-c3f2db34c898,90,true,0,0,0,0,36,25,5,2,6,89,0,0,0.04,0.27,"{""progressive_passes"": 3}",2026-08-01 09:00:00,2026-08-01 09:00:00
6ff8ae6b-6648-421d-af45-db659783386b,57e25c6a-8210-4475-99b4-30c502509e5e,4a7b5de7-846c-4400-8d07-bc53ce6bd4f5,dc3e632f-f76e-4d7e-bb52-c3f2db34c898,90,true,0,0,1,0,35,27,0,3,1,42,0,0,0.08,0.18,"{""progressive_passes"": 4}",2026-08-01 09:00:00,2026-08-01 09:00:00
dee627a5-7f20-4fed-9446-7270ee41ce35,57e25c6a-8210-4475-99b4-30c502509e5e,229b6376-4e07-492a-9993-beb8de593f2d,dc3e632f-f76e-4d7e-bb52-c3f2db34c898,90,true,0,0,0,0,39,32,3,2,2,85,0,0,0.01,0.31,"{""progressive_passes"": 5}",2026-08-01 09:00:00,2026-08-01 09:00:00
2d04a361-f565-4133-94db-80f3d04120ac,57e25c6a-8210-4475-99b4-30c502509e5e,066d4e6a-4614-4dad-be64-7a74d0130503,dc3e632f-f76e-4d7e-bb52-c3f2db34c898,90,true,0,0,3,1,68,61,0,2,1,67,0,0,0.77,0.11,"{""progressive_passes"": 1}",2026-08-01 09:00:00,2026-08-01 09:00:00
b23e2cdd-073e-4d11-b83b-d5706590a4a5,57e25c6a-8210-4475-99b4-30c502509e5e,c7ffbd71-45b4-43c6-84cf-111cc9232141,dc3e632f-f76e-4d7e-bb52-c3f2db34c898,90,true,0,0,3,1,47,37,4,0,3,87,0,0,0.48,0.1,"{""progressive_passes"": 6}",2026-08-01 09:00:00,2026-08-01 09:00:00
c0b6946c-4f83-4ffb-88d5-a36841faf65a,57e25c6a-8210-4475-99b4-30c502509e5e,ffaecb07-b0f3-470f-bced-bc5e035534a3,dc3e632f-f76e-4d7e-bb52-c3f2db34c898,75,true,0,0,0,0,58,45,0,2,4,50,0,0,0.55,0.05,"{""progressive_passes"": 4}",2026-08-01 09:00:00,2026-08-01 09:00:00
82b1b9d2-9d69-43bd-819f-d42befe070de,57e25c6a-8210-4475-99b4-30c502509e5e,e8878fbc-cab2-44bb-9613-a9598efa436e,dc3e632f-f76e-4d7e-bb52-c3f2db34c898,90,true,0,0,2,1,67,51,5,2,4,38,0,0,0.19,0.27,"{""progressive_passes"": 6}",2026-08-01 09:00:00,2026-08-01 09:00:00
8aade335-58bb-4b95-93d6-72ef02ee0126,665fa707-8af2-4d36-bbb9-53a5d8da9d1d,a179a068-cfe3-4ebd-a102-ad653168780a,dc3e632f-f76e-4d7e-bb52-c3f2db34c898,90,true,0,0,1,0,30,25,1,1,1,31,0,0,0.0,0.39,"{""progressive_passes"": 1}",2026-08-01 09:00:00,2026-08-01 09:00:00
7aa33523-c712-4e83-8eb0-483a67bafc7a,665fa707-8af2-4d36-bbb9-53a5d8da9d1d,5fe19c6d-4236-4c38-a7b7-a833e38de591,dc3e632f-f76e-4d7e-bb52-c3f2db34c898,90,true,0,0,1,0,51,43,3,3,3,45,0,0,0.01,0.28,"{""progressive_passes"": 1}",2026-08-01 09:00:00,2026-08-01 09:00:00
57baefe1-aec1-45cb-bcfa-1d1caf29a11a,665fa707-8af2-4d36-bbb9-53a5d8da9d1d,3be2cdd7-e605-44ad-90fb-54e7be3f68ed,dc3e632f-f76e-4d7e-bb52-c3f2db34c898,90,true,0,0,1,0,39,34,5,4,3,33,0,0,0.06,0.37,"{""progressive_passes"": 1}",2026-08-01 09:00:00,2026-08-01 09:00:00
8ab9b78c-047d-4629-88ef-219a024d2b11,665fa707-8af2-4d36-bbb9-53a5d8da9d1d,3b0fa669-564c-494d-9de2-7521ca120b3f,dc3e632f-f76e-4d7e-bb52-c3f2db34c898,90,true,0,0,1,1,33,27,4,4,2,90,0,0,0.08,0.18,"{""progressive_passes"": 8}",2026-08-01 09:00:00,2026-08-01 09:00:00
9a7c56ab-e92a-4aa9-b2c9-9cd363e1957b,665fa707-8af2-4d36-bbb9-53a5d8da9d1d,84ed79c7-5d5f-48b7-899d-9ed095d70650,dc3e632f-f76e-4d7e-bb52-c3f2db34c898,90,true,0,0,1,1,60,53,5,3,3,46,0,0,0.08,0.34,"{""progressive_passes"": 4}",2026-08-01 09:00:00,2026-08-01 09:00:00
8878aae0-ea7d-42b6-91fe-ee3432ca0d18,665fa707-8af2-4d36-bbb9-53a5d8da9d1d,4a7b5de7-846c-4400-8d07-bc53ce6bd4f5,dc3e632f-f76e-4d7e-bb52-c3f2db34c898,90,true,0,0,1,0,65,49,0,2,1,47,0,0,0.03,0.36,"{""progressive_passes"": 1}",2026-08-01 09:00:00,2026-08-01 09:00:00
a43e0d7f-3523-41ab-8d43-0626bedfc1ca,665fa707-8af2-4d36-bbb9-53a5d8da9d1d,229b6376-4e07-492a-9993-beb8de593f2d,dc3e632f-f76e-4d7e-bb52-c3f2db34c898,90,true,0,0,0,0,34,26,1,1,0,56,0,0,0.04,0.22,"{""progressive_passes"": 6}",2026-08-01 09:00:00,2026-08-01 09:00:00
f8841621-18a5-4ae8-8195-a7d5d28050a1,665fa707-8af2-4d36-bbb9-53a5d8da9d1d,066d4e6a-4614-4dad-be64-7a74d0130503,dc3e632f-f76e-4d7e-bb52-c3f2db34c898,90,true,1,0,1,1,38,29,4,0,6,86,0,0,0.62,0.15,"{""progressive_passes"": 0}",2026-08-01 09:00:00,2026-08-01 09:00:00
375c9ab3-7d6e-4fb4-b3e9-7a02863a5c6d,665fa707-8af2-4d36-bbb9-53a5d8da9d1d,c7ffbd71-45b4-43c6-84cf-111cc9232141,dc3e632f-f76e-4d7e-bb52-c3f2db34c898,90,true,0,1,2,1,44,39,3,4,5,77,0,0,0.46,0.24,"{""progressive_passes"": 3}",2026-08-01 09:00:00,2026-08-01 09:00:00
669e9e3f-76aa-409d-ae76-a250b82c9382,665fa707-8af2-4d36-bbb9-53a5d8da9d1d,ffaecb07-b0f3-470f-bced-bc5e035534a3,dc3e632f-f76e-4d7e-bb52-c3f2db34c898,75,true,0,0,3,1,39,31,0,3,2,72,0,0,0.56,0.16,"{""progressive_passes"": 2}",2026-08-01 09:00:00,2026-08-01 09:00:00
0d29e6c0-8025-48fc-8067-dc54585ff51a,665fa707-8af2-4d36-bbb9-53a5d8da9d1d,e8878fbc-cab2-44bb-9613-a9598efa436e,dc3e632f-f76e-4d7e-bb52-c3f2db34c898,90,true,0,0,3,0,33,29,4,4,5,31,0,0,0.11,0.17,"{""progressive_passes"": 7}",2026-08-01 09:00:00,2026-08-01 09:00:00
