id,name,code,position_group,display_order,status,created_at,updated_at
c729a1ab-1262-4d2e-ae74-1b3287225ec8,Goalkeeper,GK,GOALKEEPER,1,ACTIVE,2026-08-01 09:00:00,2026-08-01 09:00:00
bed48e3c-b7ab-45ce-8dea-8517efe11d86,Right Back,RB,DEFENSE,2,ACTIVE,2026-08-01 09:00:00,2026-08-01 09:00:00
c8e69abf-cfdb-482f-84ad-a42101bc6338,Centre Back,CB,DEFENSE,3,ACTIVE,2026-08-01 09:00:00,2026-08-01 09:00:00
fa92e451-f12e-425c-86a3-c79ed907d186,Left Back,LB,DEFENSE,4,ACTIVE,2026-08-01 09:00:00,2026-08-01 09:00:00
00282447-0278-4f2d-8cb5-4739200d59cb,Defensive Midfielder,CDM,MIDFIELD,5,ACTIVE,2026-08-01 09:00:00,2026-08-01 09:00:00
14743f53-319d-459a-8afb-e187a914a21b,Central Midfielder,CM,MIDFIELD,6,ACTIVE,2026-08-01 09:00:00,2026-08-01 09:00:00
b63adde5-4330-4485-ba85-a81de851bacd,Attacking Midfielder,CAM,MIDFIELD,7,ACTIVE,2026-08-01 09:00:00,2026-08-01 09:00:00
433735f9-f6b5-48fc-998b-649ed191ab9f,Right Winger,RW,ATTACK,8,ACTIVE,2026-08-01 09:00:00,2026-08-01 09:00:00
eff90f8a-af7e-4083-a026-fbf461100b06,Left Winger,LW,ATTACK,9,ACTIVE,2026-08-01 09:00:00,2026-08-01 09:00:00
75473c1f-ede6-4748-afd1-81b6d0d34f79,Striker,ST,ATTACK,10,ACTIVE,2026-08-01 09:00:00,2026-08-01 09:00:00
