id,first_name,last_name,display_name,date_of_birth,nationality,preferred_foot,height_cm,weight_kg,primary_position_id,photo_url,external_reference,status,created_at,updated_at
a179a068-cfe3-4ebd-a102-ad653168780a,Oliver,Smith,O. Smith,2004-02-01,Spain,RIGHT,177,70.6,694b3541-5f4e-4c85-b32e-0675e04f53bf,,EXT-PLY-0001,ACTIVE,2026-08-01 09:00:00,2026-08-01 09:00:00
5fe19c6d-4236-4c38-a7b7-a833e38de591,Harry,Jones,H. Jones,1995-11-24,France,RIGHT,188,75.5,0d511505-09cf-4345-800a-b7317ecb2637,,EXT-PLY-0002,ACTIVE,2026-08-01 09:00:00,2026-08-01 09:00:00
3be2cdd7-e605-44ad-90fb-54e7be3f68ed,Jack,Taylor,J. Taylor,1994-02-07,Scotland,LEFT,189,65.7,b8481c24-e408-45e5-b70b-d98f71d31855,,EXT-PLY-0003,ACTIVE,2026-08-01 09:00:00,2026-08-01 09:00:00
3b0fa669-564c-494d-9de2-7521ca120b3f,Charlie,Brown,C. Brown,1997-12-21,Spain,LEFT,183,70.5,b8481c24-e408-45e5-b70b-d98f71d31855,,EXT-PLY-0004,ACTIVE,2026-08-01 09:00:00,2026-08-01 09:00:00
84ed79c7-5d5f-48b7-899d-9ed095d70650,George,Wilson,G. Wilson,2003-05-26,Brazil,RIGHT,194,85.1,fd30db13-4b76-4e9a-9676-fa754c6b18a5,,EXT-PLY-0005,ACTIVE,2026-08-01 09:00:00,2026-08-01 09:00:00
4a7b5de7-846c-4400-8d07-bc53ce6bd4f5,Thomas,Evans,T. Evans,2000-06-09,Scotland,RIGHT,194,73.4,8fbcc0d1-6a51-4398-acbd-a1551c045bef,,EXT-PLY-0006,ACTIVE,2026-08-01 09:00:00,2026-08-01 09:00:00
229b6376-4e07-492a-9993-beb8de593f2d,James,Walker,J. Walker,1995-07-04,Wales,RIGHT,189,71.6,32a37cb1-6753-4eda-a83d-b52e8ae20c2a,,EXT-PLY-0007,ACTIVE,2026-08-01 09:00:00,2026-08-01 09:00:00
066d4e6a-4614-4dad-be64-7a74d0130503,William,Wright,W. Wright,1994-12-15,France,RIGHT,182,67.0,d4702ce6-e126-4d6f-9d14-ee76c7424fd8,,EXT-PLY-0008,ACTIVE,2026-08-01 09:00:00,2026-08-01 09:00:00
c7ffbd71-45b4-43c6-84cf-111cc9232141,Noah,Robinson,N. Robinson,1998-11-20,Brazil,RIGHT,188,69.8,cca98eda-673c-4b14-87b7-d712b244a986,,EXT-PLY-0009,ACTIVE,2026-08-01 09:00:00,2026-08-01 09:00:00
ffaecb07-b0f3-470f-bced-bc5e035534a3,Leo,Thompson,L. Thompson,1995-01-22,Scotland,RIGHT,172,86.4,1defd3b2-d199-4300-953b-2b720e7342e0,,EXT-PLY-0010,ACTIVE,2026-08-01 09:00:00,2026-08-01 09:00:00
e8878fbc-cab2-44bb-9613-a9598efa436e,Oscar,White,O. White,1995-07-09,Ireland,LEFT,181,69.1,4c6e9f27-a585-4eda-a735-5b884ca3e8c9,,EXT-PLY-0011,ACTIVE,2026-08-01 09:00:00,2026-08-01 09:00:00
a3b2f1a1-b6da-41c2-9d72-7508ea423f30,Archie,Hughes,A. Hughes,1999-04-22,Wales,LEFT,191,81.2,694b3541-5f4e-4c85-b32e-0675e04f53bf,,EXT-PLY-0012,ACTIVE,2026-08-01 09:00:00,2026-08-01 09:00:00
594108fb-d888-4030-900a-e5d591a88551,Henry,Edwards,H. Edwards,2003-11-06,France,LEFT,177,69.1,0d511505-09cf-4345-800a-b7317ecb2637,,EXT-PLY-0013,ACTIVE,2026-08-01 09:00:00,2026-08-01 09:00:00
89c20b2b-1d84-4d50-baa1-94464f4e23ab,Freddie,Green,F. Green,2000-05-21,Spain,LEFT,177,82.1,b8481c24-e408-45e5-b70b-d98f71d31855,,EXT-PLY-0014,ACTIVE,2026-08-01 09:00:00,2026-08-01 09:00:00
e61aaa91-6579-4eb6-a3da-dd51aab109ba,Theo,Hall,T. Hall,1994-04-27,England,RIGHT,182,71.7,b8481c24-e408-45e5-b70b-d98f71d31855,,EXT-PLY-0015,ACTIVE,2026-08-01 09:00:00,2026-08-01 09:00:00
fdd7aea8-88c9-4ec4-8ba6-4f948e4b34c9,Alfie,Wood,A. Wood,1997-10-23,Wales,RIGHT,190,77.5,fd30db13-4b76-4e9a-9676-fa754c6b18a5,,EXT-PLY-0016,ACTIVE,2026-08-01 09:00:00,2026-08-01 09:00:00
c2494b69-4543-4aaf-a7b6-6064c960e122,Arthur,Harris,A. Harris,2004-08-05,Wales,RIGHT,177,83.6,8fbcc0d1-6a51-4398-acbd-a1551c045bef,,EXT-PLY-0017,ACTIVE,2026-08-01 09:00:00,2026-08-01 09:00:00
2e542dba-eadc-45de-bed8-8597b43d26a7,Isaac,Clarke,I. Clarke,2002-05-24,France,RIGHT,188,75.0,32a37cb1-6753-4eda-a83d-b52e8ae20c2a,,EXT-PLY-0018,ACTIVE,2026-08-01 09:00:00,2026-08-01 09:00:00
91b9badf-3ce7-489a-bd5a-759d8cad2455,Lucas,Lewis,L. Lewis,1997-03-17,Ireland,RIGHT,194,66.2,d4702ce6-e126-4d6f-9d14-ee76c7424fd8,,EXT-PLY-0019,ACTIVE,2026-08-01 09:00:00,2026-08-01 09:00:00
cfd78e44-b550-4e91-a79e-a01ce8e1ff1c,Mason,Jackson,M. Jackson,1995-03-21,Scotland,LEFT,183,79.9,cca98eda-673c-4b14-87b7-d712b244a986,,EXT-PLY-0020,ACTIVE,2026-08-01 09:00:00,2026-08-01 09:00:00
d06857d7-e999-471b-af36-f9af905134d0,Ethan,Turner,E. Turner,2000-07-20,Ireland,LEFT,178,89.3,1defd3b2-d199-4300-953b-2b720e7342e0,,EXT-PLY-0021,ACTIVE,2026-08-01 09:00:00,2026-08-01 09:00:00
752b8a08-2a3d-4643-865b-60a39ab88ea6,Samuel,Hill,S. Hill,1994-11-24,England,LEFT,187,83.8,4c6e9f27-a585-4eda-a735-5b884ca3e8c9,,EXT-PLY-0022,ACTIVE,2026-08-01 09:00:00,2026-08-01 09:00:00
b72bfa27-fda6-41dd-b324-9c0cd3d5ab9e,Daniel,Moore,D. Moore,2004-06-04,Wales,RIGHT,175,76.3,694b3541-5f4e-4c85-b32e-0675e04f53bf,,EXT-PLY-0023,ACTIVE,2026-08-01 09:00:00,2026-08-01 09:00:00
9610a167-395d-456d-a5ad-c2594080b490,Joseph,Cooper,J. Cooper,1998-09-25,Scotland,LEFT,173,86.8,0d511505-09cf-4345-800a-b7317ecb2637,,EXT-PLY-0024,ACTIVE,2026-08-01 09:00:00,2026-08-01 09:00:00
45b01f56-b8b5-4a05-a3d7-5b0e7ef6485d,Max,Ward,M. Ward,1998-11-17,France,RIGHT,174,74.3,b8481c24-e408-45e5-b70b-d98f71d31855,,EXT-PLY-0025,ACTIVE,2026-08-01 09:00:00,2026-08-01 09:00:00
051adab8-e30b-434f-933d-f6f55a83319e,Finley,Morris,F. Morris,1996-09-25,France,RIGHT,189,73.1,b8481c24-e408-45e5-b70b-d98f71d31855,,EXT-PLY-0026,ACTIVE,2026-08-01 09:00:00,2026-08-01 09:00:00
65d909d8-c4a9-4001-8110-44747a3863f9,Adam,King,A. King,1994-02-12,Brazil,RIGHT,177,66.4,fd30db13-4b76-4e9a-9676-fa754c6b18a5,,EXT-PLY-0027,ACTIVE,2026-08-01 09:00:00,2026-08-01 09:00:00
7228dffc-1598-4d71-96d4-3591f2c2fc1a,Ryan,Watson,R. Watson,2003-02-03,Spain,RIGHT,172,89.4,8fbcc0d1-6a51-4398-acbd-a1551c045bef,,EXT-PLY-0028,ACTIVE,2026-08-01 09:00:00,2026-08-01 09:00:00
bd8e762b-40c0-4a85-9109-17d2d6860b71,Callum,Baker,C. Baker,2002-03-05,Spain,RIGHT,187,69.1,32a37cb1-6753-4eda-a83d-b52e8ae20c2a,,EXT-PLY-0029,ACTIVE,2026-08-01 09:00:00,2026-08-01 09:00:00
49c9b287-9f1f-4d73-b316-1e9fbb1817fd,Jude,Young,J. Young,2002-10-14,Scotland,LEFT,194,83.2,d4702ce6-e126-4d6f-9d14-ee76c7424fd8,,EXT-PLY-0030,ACTIVE,2026-08-01 09:00:00,2026-08-01 09:00:00
8de75c1b-21af-46d3-936a-0a99b296c09c,Reece,Allen,R. Allen,1997-12-10,Ireland,LEFT,190,74.3,cca98eda-673c-4b14-87b7-d712b244a986,,EXT-PLY-0031,ACTIVE,2026-08-01 09:00:00,2026-08-01 09:00:00
78505a22-9c9e-4fec-ada5-069697349650,Kai,Wright,K. Wright,2002-08-04,Scotland,RIGHT,172,73.5,1defd3b2-d199-4300-953b-2b720e7342e0,,EXT-PLY-0032,ACTIVE,2026-08-01 09:00:00,2026-08-01 09:00:00
c1d117a4-627f-4aab-b06f-645f5a889b91,Owen,Scott,O. Scott,2003-09-08,France,RIGHT,170,66.8,4c6e9f27-a585-4eda-a735-5b884ca3e8c9,,EXT-PLY-0033,ACTIVE,2026-08-01 09:00:00,2026-08-01 09:00:00
