id,player_id,own_team_id,season_id,competition_id,appearances,starts,minutes_played,goals,assists,xg,xa,extended_stats,calculated_at,created_at,updated_at
65a01a1b-ff34-4416-a4f5-b41b22d8554a,a179a068-cfe3-4ebd-a102-ad653168780a,dc3e632f-f76e-4d7e-bb52-c3f2db34c898,2a1d0316-1f49-4f94-b82b-f993e5a148e8,,3,3,270,0,0,0.07,0.69,,2026-08-01 09:00:00,2026-08-01 09:00:00,2026-08-01 09:00:00
44de000b-0178-43d4-83a4-51a08fa45933,5fe19c6d-4236-4c38-a7b7-a833e38de591,dc3e632f-f76e-4d7e-bb52-c3f2db34c898,2a1d0316-1f49-4f94-b82b-f993e5a148e8,,3,3,270,0,0,0.08,0.49,,2026-08-01 09:00:00,2026-08-01 09:00:00,2026-08-01 09:00:00
3a7da3a2-993c-429b-bf08-c4b40cb9ab15,3be2cdd7-e605-44ad-90fb-54e7be3f68ed,dc3e632f-f76e-4d7e-bb52-c3f2db34c898,2a1d0316-1f49-4f94-b82b-f993e5a148e8,,3,3,270,0,0,0.22,1.08,,2026-08-01 09:00:00,2026-08-01 09:00:00,2026-08-01 09:00:00
008e15a2-1133-46fa-8e35-64333ca86d5d,3b0fa669-564c-494d-9de2-7521ca120b3f,dc3e632f-f76e-4d7e-bb52-c3f2db34c898,2a1d0316-1f49-4f94-b82b-f993e5a148e8,,3,3,270,0,0,0.23,0.83,,2026-08-01 09:00:00,2026-08-01 09:00:00,2026-08-01 09:00:00
8879e9dd-1593-4c17-8f6e-b08e9eda9bca,84ed79c7-5d5f-48b7-899d-9ed095d70650,dc3e632f-f76e-4d7e-bb52-c3f2db34c898,2a1d0316-1f49-4f94-b82b-f993e5a148e8,,3,3,270,0,0,0.2,0.7,,2026-08-01 09:00:00,2026-08-01 09:00:00,2026-08-01 09:00:00
9f89a638-57ac-406c-8111-ca6327a8e144,4a7b5de7-846c-4400-8d07-bc53ce6bd4f5,dc3e632f-f76e-4d7e-bb52-c3f2db34c898,2a1d0316-1f49-4f94-b82b-f993e5a148e8,,3,3,270,0,0,0.21,0.65,,2026-08-01 09:00:00,2026-08-01 09:00:00,2026-08-01 09:00:00
79b59ef6-bd6a-497f-baa9-3447a894adf1,229b6376-4e07-492a-9993-beb8de593f2d,dc3e632f-f76e-4d7e-bb52-c3f2db34c898,2a1d0316-1f49-4f94-b82b-f993e5a148e8,,3,3,270,0,0,0.12,0.55,,2026-08-01 09:00:00,2026-08-01 09:00:00,2026-08-01 09:00:00
595de4af-3ba4-42aa-9b45-ea1e66cdfb44,066d4e6a-4614-4dad-be64-7a74d0130503,dc3e632f-f76e-4d7e-bb52-c3f2db34c898,2a1d0316-1f49-4f94-b82b-f993e5a148e8,,3,3,270,2,0,1.5,0.33,,2026-08-01 09:00:00,2026-08-01 09:00:00,2026-08-01 09:00:00
87c3d797-cca2-420a-88ad-05f20a0c63ef,c7ffbd71-45b4-43c6-84cf-111cc9232141,dc3e632f-f76e-4d7e-bb52-c3f2db34c898,2a1d0316-1f49-4f94-b82b-f993e5a148e8,,3,3,270,1,2,1.02,0.37,,2026-08-01 09:00:00,2026-08-01 09:00:00,2026-08-01 09:00:00
967d9a1c-f6ac-4a97-9b00-40cf55a6db47,ffaecb07-b0f3-470f-bced-bc5e035534a3,dc3e632f-f76e-4d7e-bb52-c3f2db34c898,2a1d0316-1f49-4f94-b82b-f993e5a148e8,,3,3,225,0,0,1.26,0.47,,2026-08-01 09:00:00,2026-08-01 09:00:00,2026-08-01 09:00:00
3e7bad26-1a8f-4219-ae50-7bf7b2077bf7,e8878fbc-cab2-44bb-9613-a9598efa436e,dc3e632f-f76e-4d7e-bb52-c3f2db34c898,2a1d0316-1f49-4f94-b82b-f993e5a148e8,,3,3,270,0,0,0.51,0.55,,2026-08-01 09:00:00,2026-08-01 09:00:00,2026-08-01 09:00:00
