id,role_id,permission_id,created_at
7cae0150-71af-46c0-95e7-8b5e2cd51a54,0a2c301d-30c6-4a21-aef1-c4ae272e79c1,fe7c0823-d133-428e-b887-d586996224e5,2026-08-01 09:00:00
b583dd89-248f-4c3e-8d7e-38517d42b6d9,0a2c301d-30c6-4a21-aef1-c4ae272e79c1,b382bed3-d002-4a44-b025-ed50870e3f22,2026-08-01 09:00:00
8832ca06-0794-4fd3-8d72-77fa0b557181,0a2c301d-30c6-4a21-aef1-c4ae272e79c1,8318002f-6d4b-44b4-b45e-9e6185da1f4c,2026-08-01 09:00:00
7812593e-1d44-4321-a87b-d019ceb13687,0a2c301d-30c6-4a21-aef1-c4ae272e79c1,ef29baca-6822-4cf4-85d6-88ef6a02d284,2026-08-01 09:00:00
a570859d-4706-4c63-b503-5aa2ce53eb6e,0a2c301d-30c6-4a21-aef1-c4ae272e79c1,6b9acfc2-7611-44f1-aea8-308ba5245e05,2026-08-01 09:00:00
b97319a0-38ca-47cf-96e2-56ab98fe70a9,0a2c301d-30c6-4a21-aef1-c4ae272e79c1,27e73dfb-924a-4fcc-b8f0-4a689a566a9a,2026-08-01 09:00:00
5c322234-ccac-4459-91b3-d47c3019be80,0a2c301d-30c6-4a21-aef1-c4ae272e79c1,70046300-d977-429d-b829-7304bfd8e11f,2026-08-01 09:00:00
befef844-654d-42bf-965f-3490306c380c,552e703c-ee15-4380-a4c1-ec5b7a565ad9,b382bed3-d002-4a44-b025-ed50870e3f22,2026-08-01 09:00:00
3b30bf17-5cda-45d1-9273-bd444aedb21d,552e703c-ee15-4380-a4c1-ec5b7a565ad9,8318002f-6d4b-44b4-b45e-9e6185da1f4c,2026-08-01 09:00:00
f0f33a33-c000-44c7-8d0b-9c0af1bc7d0e,552e703c-ee15-4380-a4c1-ec5b7a565ad9,ef29baca-6822-4cf4-85d6-88ef6a02d284,2026-08-01 09:00:00
d22a944a-4f33-4bb4-9b35-e42450ebf3c1,4153a876-bfd3-4989-97fd-e86a9c41a8e7,b382bed3-d002-4a44-b025-ed50870e3f22,2026-08-01 09:00:00
f41814b5-b1ee-4b41-b8de-ba3948acf0d7,4153a876-bfd3-4989-97fd-e86a9c41a8e7,70046300-d977-429d-b829-7304bfd8e11f,2026-08-01 09:00:00
96663801-8577-4871-9c30-e3748da917da,ae1bbc59-cfc8-47d4-bf8d-15dfc5fac683,fe7c0823-d133-428e-b887-d586996224e5,2026-08-01 09:00:00
a853d7db-b164-491a-9482-09d4fed84bd1,ae1bbc59-cfc8-47d4-bf8d-15dfc5fac683,b382bed3-d002-4a44-b025-ed50870e3f22,2026-08-01 09:00:00
39e4e301-520d-4498-9945-97075f8a8fcd,ae1bbc59-cfc8-47d4-bf8d-15dfc5fac683,8318002f-6d4b-44b4-b45e-9e6185da1f4c,2026-08-01 09:00:00
7f3afe3f-5b79-45ce-93ec-e6f32f8f9108,ae1bbc59-cfc8-47d4-bf8d-15dfc5fac683,ef29baca-6822-4cf4-85d6-88ef6a02d284,2026-08-01 09:00:00
ead62f49-f76d-4ace-b9ae-df99f1f198b7,ae1bbc59-cfc8-47d4-bf8d-15dfc5fac683,6b9acfc2-7611-44f1-aea8-308ba5245e05,2026-08-01 09:00:00
5b0e1d85-d4ef-40c0-9fdc-0de2724f9a5d,ae1bbc59-cfc8-47d4-bf8d-15dfc5fac683,27e73dfb-924a-4fcc-b8f0-4a689a566a9a,2026-08-01 09:00:00
880f757c-31af-4d8e-a5b9-c631ad82a2b6,ae1bbc59-cfc8-47d4-bf8d-15dfc5fac683,70046300-d977-429d-b829-7304bfd8e11f,2026-08-01 09:00:00
7cbbe9df-0d98-402c-ae6e-cbf0f4fb9aca,ae1bbc59-cfc8-47d4-bf8d-15dfc5fac683,ee9b9d5c-d68c-4c1e-b71f-e23bfbff71ca,2026-08-01 09:00:00
