id,own_team_id,player_id,season_id,squad_number,position_id,joined_at,left_at,is_captain,status,created_at,updated_at
ae984f61-1df4-440b-995f-b6acc7544a1c,dc3e632f-f76e-4d7e-bb52-c3f2db34c898,a179a068-cfe3-4ebd-a102-ad653168780a,2a1d0316-1f49-4f94-b82b-f993e5a148e8,1,694b3541-5f4e-4c85-b32e-0675e04f53bf,2025-07-01,,false,ACTIVE,2026-08-01 09:00:00,2026-08-01 09:00:00
196ca4c8-4b0a-4a85-bf18-5df7ee962542,dc3e632f-f76e-4d7e-bb52-c3f2db34c898,5fe19c6d-4236-4c38-a7b7-a833e38de591,2a1d0316-1f49-4f94-b82b-f993e5a148e8,2,0d511505-09cf-4345-800a-b7317ecb2637,2025-07-01,,false,ACTIVE,2026-08-01 09:00:00,2026-08-01 09:00:00
f0b0002d-ceef-4eb5-8197-6822199acf74,dc3e632f-f76e-4d7e-bb52-c3f2db34c898,3be2cdd7-e605-44ad-90fb-54e7be3f68ed,2a1d0316-1f49-4f94-b82b-f993e5a148e8,4,b8481c24-e408-45e5-b70b-d98f71d31855,2025-07-01,,false,ACTIVE,2026-08-01 09:00:00,2026-08-01 09:00:00
429d9ef0-661d-494a-9215-864912cdab89,dc3e632f-f76e-4d7e-bb52-c3f2db34c898,3b0fa669-564c-494d-9de2-7521ca120b3f,2a1d0316-1f49-4f94-b82b-f993e5a148e8,5,b8481c24-e408-45e5-b70b-d98f71d31855,2025-07-01,,false,ACTIVE,2026-08-01 09:00:00,2026-08-01 09:00:00
d68a01dc-789d-47cc-a26e-e8de8536e7f1,dc3e632f-f76e-4d7e-bb52-c3f2db34c898,84ed79c7-5d5f-48b7-899d-9ed095d70650,2a1d0316-1f49-4f94-b82b-f993e5a148e8,3,fd30db13-4b76-4e9a-9676-fa754c6b18a5,2025-07-01,,false,ACTIVE,2026-08-01 09:00:00,2026-08-01 09:00:00
2b7d28ca-2b6a-4b7d-9a81-54bdc3597840,dc3e632f-f76e-4d7e-bb52-c3f2db34c898,4a7b5de7-846c-4400-8d07-bc53ce6bd4f5,2a1d0316-1f49-4f94-b82b-f993e5a148e8,6,8fbcc0d1-6a51-4398-acbd-a1551c045bef,2025-07-01,,false,ACTIVE,2026-08-01 09:00:00,2026-08-01 09:00:00
34f28dc7-585f-429a-a948-50f44b27cdcd,dc3e632f-f76e-4d7e-bb52-c3f2db34c898,229b6376-4e07-492a-9993-beb8de593f2d,2a1d0316-1f49-4f94-b82b-f993e5a148e8,8,32a37cb1-6753-4eda-a83d-b52e8ae20c2a,2025-07-01,,true,ACTIVE,2026-08-01 09:00:00,2026-08-01 09:00:00
0ee989a5-1321-4647-84b0-d640074c1b0e,dc3e632f-f76e-4d7e-bb52-c3f2db34c898,066d4e6a-4614-4dad-be64-7a74d0130503,2a1d0316-1f49-4f94-b82b-f993e5a148e8,10,d4702ce6-e126-4d6f-9d14-ee76c7424fd8,2025-07-01,,false,ACTIVE,2026-08-01 09:00:00,2026-08-01 09:00:00
ee7bd1ad-b3d1-4c38-a4f7-30c6e174ac94,dc3e632f-f76e-4d7e-bb52-c3f2db34c898,c7ffbd71-45b4-43c6-84cf-111cc9232141,2a1d0316-1f49-4f94-b82b-f993e5a148e8,7,cca98eda-673c-4b14-87b7-d712b244a986,2025-07-01,,false,ACTIVE,2026-08-01 09:00:00,2026-08-01 09:00:00
6bdd9435-4a29-4430-8c60-3680edebc7d8,dc3e632f-f76e-4d7e-bb52-c3f2db34c898,ffaecb07-b0f3-470f-bced-bc5e035534a3,2a1d0316-1f49-4f94-b82b-f993e5a148e8,11,1defd3b2-d199-4300-953b-2b720e7342e0,2025-07-01,,false,ACTIVE,2026-08-01 09:00:00,2026-08-01 09:00:00
d0d7b197-7a2a-4223-9750-237c5bb70c11,dc3e632f-f76e-4d7e-bb52-c3f2db34c898,e8878fbc-cab2-44bb-9613-a9598efa436e,2a1d0316-1f49-4f94-b82b-f993e5a148e8,9,4c6e9f27-a585-4eda-a735-5b884ca3e8c9,2025-07-01,,false,ACTIVE,2026-08-01 09:00:00,2026-08-01 09:00:00
b2f935ba-b4f4-4e28-8e1f-80923e9c04e6,3754a021-ec30-4591-9180-d1c7b710ced3,a3b2f1a1-b6da-41c2-9d72-7508ea423f30,2a1d0316-1f49-4f94-b82b-f993e5a148e8,1,694b3541-5f4e-4c85-b32e-0675e04f53bf,2025-07-01,,false,ACTIVE,2026-08-01 09:00:00,2026-08-01 09:00:00
6bf4f956-ff1d-48e7-b109-dfec82f5a427,3754a021-ec30-4591-9180-d1c7b710ced3,594108fb-d888-4030-900a-e5d591a88551,2a1d0316-1f49-4f94-b82b-f993e5a148e8,2,0d511505-09cf-4345-800a-b7317ecb2637,2025-07-01,,false,ACTIVE,2026-08-01 09:00:00,2026-08-01 09:00:00
e47350de-00c9-4f3b-a5ef-aede6236b000,3754a021-ec30-4591-9180-d1c7b710ced3,89c20b2b-1d84-4d50-baa1-94464f4e23ab,2a1d0316-1f49-4f94-b82b-f993e5a148e8,4,b8481c24-e408-45e5-b70b-d98f71d31855,2025-07-01,,false,ACTIVE,2026-08-01 09:00:00,2026-08-01 09:00:00
aadf186b-b8dc-48cf-b4f3-f075c20bf787,3754a021-ec30-4591-9180-d1c7b710ced3,e61aaa91-6579-4eb6-a3da-dd51aab109ba,2a1d0316-1f49-4f94-b82b-f993e5a148e8,5,b8481c24-e408-45e5-b70b-d98f71d31855,2025-07-01,,false,ACTIVE,2026-08-01 09:00:00,2026-08-01 09:00:00
22ce201d-20ed-408b-b9a3-62d9096331b8,3754a021-ec30-4591-9180-d1c7b710ced3,fdd7aea8-88c9-4ec4-8ba6-4f948e4b34c9,2a1d0316-1f49-4f94-b82b-f993e5a148e8,3,fd30db13-4b76-4e9a-9676-fa754c6b18a5,2025-07-01,,false,ACTIVE,2026-08-01 09:00:00,2026-08-01 09:00:00
ef146f0c-763b-4155-9e90-ff78f1024c81,3754a021-ec30-4591-9180-d1c7b710ced3,c2494b69-4543-4aaf-a7b6-6064c960e122,2a1d0316-1f49-4f94-b82b-f993e5a148e8,6,8fbcc0d1-6a51-4398-acbd-a1551c045bef,2025-07-01,,false,ACTIVE,2026-08-01 09:00:00,2026-08-01 09:00:00
8db4c170-758d-49f3-97ae-1baba6ed501b,3754a021-ec30-4591-9180-d1c7b710ced3,2e542dba-eadc-45de-bed8-8597b43d26a7,2a1d0316-1f49-4f94-b82b-f993e5a148e8,8,32a37cb1-6753-4eda-a83d-b52e8ae20c2a,2025-07-01,,true,ACTIVE,2026-08-01 09:00:00,2026-08-01 09:00:00
51499c9d-3b5e-4c92-8a07-694ff5fc76d1,3754a021-ec30-4591-9180-d1c7b710ced3,91b9badf-3ce7-489a-bd5a-759d8cad2455,2a1d0316-1f49-4f94-b82b-f993e5a148e8,10,d4702ce6-e126-4d6f-9d14-ee76c7424fd8,2025-07-01,,false,ACTIVE,2026-08-01 09:00:00,2026-08-01 09:00:00
99062ee0-30d5-4156-acf8-8677e3320922,3754a021-ec30-4591-9180-d1c7b710ced3,cfd78e44-b550-4e91-a79e-a01ce8e1ff1c,2a1d0316-1f49-4f94-b82b-f993e5a148e8,7,cca98eda-673c-4b14-87b7-d712b244a986,2025-07-01,,false,ACTIVE,2026-08-01 09:00:00,2026-08-01 09:00:00
7ad908da-89a4-4f88-b1ac-4f6bfd1c6cb0,3754a021-ec30-4591-9180-d1c7b710ced3,d06857d7-e999-471b-af36-f9af905134d0,2a1d0316-1f49-4f94-b82b-f993e5a148e8,11,1defd3b2-d199-4300-953b-2b720e7342e0,2025-07-01,,false,ACTIVE,2026-08-01 09:00:00,2026-08-01 09:00:00
20c1152e-cad0-4697-b14a-508bde27fd0c,3754a021-ec30-4591-9180-d1c7b710ced3,752b8a08-2a3d-4643-865b-60a39ab88ea6,2a1d0316-1f49-4f94-b82b-f993e5a148e8,9,4c6e9f27-a585-4eda-a735-5b884ca3e8c9,2025-07-01,,false,ACTIVE,2026-08-01 09:00:00,2026-08-01 09:00:00
1b171229-818f-426c-bb53-9293d4f72a23,c39bbf90-f6f0-4170-bc38-4cd61cb688a0,b72bfa27-fda6-41dd-b324-9c0cd3d5ab9e,2a1d0316-1f49-4f94-b82b-f993e5a148e8,1,694b3541-5f4e-4c85-b32e-0675e04f53bf,2025-07-01,,false,ACTIVE,2026-08-01 09:00:00,2026-08-01 09:00:00
bfe87300-05b0-476e-8e4c-fc2d2db1ef9c,c39bbf90-f6f0-4170-bc38-4cd61cb688a0,9610a167-395d-456d-a5ad-c2594080b490,2a1d0316-1f49-4f94-b82b-f993e5a148e8,2,0d511505-09cf-4345-800a-b7317ecb2637,2025-07-01,,false,ACTIVE,2026-08-01 09:00:00,2026-08-01 09:00:00
1e3ed74f-cab8-4d0d-aea9-63c5b0f14926,c39bbf90-f6f0-4170-bc38-4cd61cb688a0,45b01f56-b8b5-4a05-a3d7-5b0e7ef6485d,2a1d0316-1f49-4f94-b82b-f993e5a148e8,4,b8481c24-e408-45e5-b70b-d98f71d31855,2025-07-01,,false,ACTIVE,2026-08-01 09:00:00,2026-08-01 09:00:00
5fa8eee7-df31-4634-9cd2-8507aa6b65c7,c39bbf90-f6f0-4170-bc38-4cd61cb688a0,051adab8-e30b-434f-933d-f6f55a83319e,2a1d0316-1f49-4f94-b82b-f993e5a148e8,5,b8481c24-e408-45e5-b70b-d98f71d31855,2025-07-01,,false,ACTIVE,2026-08-01 09:00:00,2026-08-01 09:00:00
ca257ef9-7825-4704-a08b-83b30b7bdae8,c39bbf90-f6f0-4170-bc38-4cd61cb688a0,65d909d8-c4a9-4001-8110-44747a3863f9,2a1d0316-1f49-4f94-b82b-f993e5a148e8,3,fd30db13-4b76-4e9a-9676-fa754c6b18a5,2025-07-01,,false,ACTIVE,2026-08-01 09:00:00,2026-08-01 09:00:00
1b8adeb8-21d8-432f-ad54-18b8ceb889b8,c39bbf90-f6f0-4170-bc38-4cd61cb688a0,7228dffc-1598-4d71-96d4-3591f2c2fc1a,2a1d0316-1f49-4f94-b82b-f993e5a148e8,6,8fbcc0d1-6a51-4398-acbd-a1551c045bef,2025-07-01,,false,ACTIVE,2026-08-01 09:00:00,2026-08-01 09:00:00
e0284277-f97f-4089-878b-af94b062211a,c39bbf90-f6f0-4170-bc38-4cd61cb688a0,bd8e762b-40c0-4a85-9109-17d2d6860b71,2a1d0316-1f49-4f94-b82b-f993e5a148e8,8,32a37cb1-6753-4eda-a83d-b52e8ae20c2a,2025-07-01,,true,ACTIVE,2026-08-01 09:00:00,2026-08-01 09:00:00
292616c2-3153-4702-88a1-bdc162715b2a,c39bbf90-f6f0-4170-bc38-4cd61cb688a0,49c9b287-9f1f-4d73-b316-1e9fbb1817fd,2a1d0316-1f49-4f94-b82b-f993e5a148e8,10,d4702ce6-e126-4d6f-9d14-ee76c7424fd8,2025-07-01,,false,ACTIVE,2026-08-01 09:00:00,2026-08-01 09:00:00
34157068-6caa-4f96-96a1-bbcbc40cd401,c39bbf90-f6f0-4170-bc38-4cd61cb688a0,8de75c1b-21af-46d3-936a-0a99b296c09c,2a1d0316-1f49-4f94-b82b-f993e5a148e8,7,cca98eda-673c-4b14-87b7-d712b244a986,2025-07-01,,false,ACTIVE,2026-08-01 09:00:00,2026-08-01 09:00:00
80bb5b28-a936-4549-bb76-e36a46a1572e,c39bbf90-f6f0-4170-bc38-4cd61cb688a0,78505a22-9c9e-4fec-ada5-069697349650,2a1d0316-1f49-4f94-b82b-f993e5a148e8,11,1defd3b2-d199-4300-953b-2b720e7342e0,2025-07-01,,false,ACTIVE,2026-08-01 09:00:00,2026-08-01 09:00:00
9cc70704-7717-471d-b471-561bfe929376,c39bbf90-f6f0-4170-bc38-4cd61cb688a0,c1d117a4-627f-4aab-b06f-645f5a889b91,2a1d0316-1f49-4f94-b82b-f993e5a148e8,9,4c6e9f27-a585-4eda-a735-5b884ca3e8c9,2025-07-01,,false,ACTIVE,2026-08-01 09:00:00,2026-08-01 09:00:00
